emoji,description
😀,mặt cười toe toét
😃,khuôn mặt cười toe toét với đôi mắt to
😄,khuôn mặt cười toe toét với đôi mắt cười
😁,khuôn mặt rạng rỡ với đôi mắt cười
😆,mặt cười toe toét
😅,mặt cười toe toét vì mồ hôi
🤣,Cười lăn lộn
😂,khuôn mặt với những giọt nước mắt của niềm vui
🙂,khuôn mặt hơi mỉm cười
🙃,mặt lộn ngược
😉,mặt nháy mắt
😊,khuôn mặt cười với đôi mắt cười
😇,mặt cười với vầng hào quang
🥰,mặt cười với trái tim
😍,khuôn mặt cười với đôi mắt trái tim
🤩,đánh dấu sao
😘,khuôn mặt với một nụ hôn
😗,mặt với nụ hôn
☺,khuôn mặt tươi cười
😚,hôn mặt nhắm mắt
😙,hôn mặt với đôi mắt cười
😋,đối mặt với thức ăn ngon
😛,mặt với lưỡi
😜,mặt nháy mắt với lưỡi
🤪,khuôn mặt zany
😝,mặt lé với lưỡi
🤑,mặt ăn tiền
🤗,ôm mặt
🤭,đưa tay lên miệng
🤫,mặt đỏ bừng
🤔,khuôn mặt suy nghĩ
🤐,mặt khóa kéo
🤨,khuôn mặt nhíu mày
😐,khuôn mặt trung lập
😑,khuôn mặt vô cảm
😶,mặt không có miệng
😏,mặt nhếch mép
😒,khuôn mặt không vui
🙄,khuôn mặt với đôi mắt đảo
😬,mặt nhăn nhó
🤥,mặt nói dối
😌,khuôn mặt nhẹ nhõm
😔,khuôn mặt trầm ngâm
😪,khuôn mặt buồn ngủ
🤤,mặt chảy nước dãi
😴,mặt ngủ
😷,đeo khẩu trang y tế
🤒,mặt với nhiệt kế
🤕,mặt với băng quấn đầu
🤢,mặt buồn nôn
🤮,mặt nôn mửa
🤧,mặt hắt hơi
🥵,nóng mặt
🥶,mặt lạnh
🥴,khuôn mặt lạnh lùng
😵,chóng mặt
🤯,đầu nổ tung
🤠,mặt đội mũ cao bồi
🥳,khuôn mặt tiệc tùng
😎,mặt cười với kính râm
🤓,mặt mọt sách
🧐,mặt với một mắt
😕,khuôn mặt bối rối
😟,khuôn mặt lo lắng
🙁,mặt hơi cau có
☹,mặt cau có
😮,mặt ngạc nhiên 
😯,khuôn mặt im lặng
😲,khuôn mặt kinh ngạc
😳,mặt đỏ bừng
🥺,khuôn mặt cầu xin
😦,khuôn mặt cau có mở miệng
😧,khuôn mặt đau khổ
😨,khuôn mặt sợ hãi
😰,khuôn mặt lo lắng với mồ hôi
😥,khuôn mặt buồn nhưng nhẹ nhõm
😢,mặt khóc
😭,mặt khóc to
😱,mặt hét lên vì sợ hãi
😖,khuôn mặt bối rối
😣,khuôn mặt kiên trì
😞,khuôn mặt thất vọng
😓,khuôn mặt u ám với mồ hôi
😩,khuôn mặt mệt mỏi
😫,khuôn mặt mệt mỏi
🥱,Mặt ngáp 
😤,mặt có hơi nước từ mũi
😡,mặt bĩu môi
😠,gương mặt giận dữ
🤬,khuôn mặt với biểu tượng trên miệng
😈,mặt cười có sừng
👿,khuôn mặt giận dữ với sừng
💀,đầu lâu
☠,đầu lâu xương chéo
💩,đống phân
🤡,mặt hề
👹,yêu tinh
👺,yêu tinh
👻,con ma
👽,người ngoài hành tinh
👾,quái vật ngoài hành tinh
🤖,người máy
😺,mèo cười toe toét
😸,mèo cười toe toét với đôi mắt cười
😹,con mèo với những giọt nước mắt của niềm vui
😻,con mèo cười với đôi mắt trái tim
😼,con mèo với nụ cười gượng gạo
😽,hôn mèo
🙀,con mèo mệt mỏi
😿,con mèo đang khóc
😾,mèo bĩu môi
🙈,con khỉ không nhìn thấy ác
🙉,khỉ không nghe thấy
🙊,con khỉ nói-không-ác
💋,dấu hôn
💌,bức thư tình
💘,trái tim với mũi tên
💝,trái tim với ruy băng
💖,trái tim lấp lánh
💗,trái tim đang lớn lên
💓,tim đập
💞,trái tim quay
💕,hai trái tim
💟,trang trí trái tim
❣,cảm thán trái tim
💔,trái tim tan vỡ
❤,trái tim đỏ
🧡,trái tim màu cam
💛,trái tim màu vàng
💚,trái tim màu xanh
💙,tim xanh
💜,trái tim tím
🤎,⊛ trái tim màu nâu
🖤,trái tim đen
🤍,⊛ trái tim màu trắng
💯,trăm điểm
💢,biểu tượng giận dữ
💥,va chạm
💫,chóng mặt
💦,giọt mồ hôi
💨,phóng đi
🕳,hố
💣,bom
💬,bong bóng thoại
👁️‍🗨️,mắt trong bong bóng thoại
🗨,bong bóng thoại bên trái
🗯,bong bóng tức giận đúng
💭,khinh khí cầu
💤,zzz
👋,vẫy tay
🤚,giơ tay lên
🖐,bàn tay với các ngón tay xòe ra
✋,giơ tay
🖖,chào theo kiểu vulcan
👌,OK tay
🤏,⊛ véo tay
✌,bàn tay chiến thắng
🤞,Đan chéo ngón tay
🤟,cử chỉ yêu bạn
🤘,dấu hiệu của sừng
🤙,gọi tay tôi
👈,chỉ số trái tay trỏ sang trái
👉,chỉ số trái tay trỏ sang phải
👆,chỉ số trái tay hướng lên
🖕,ngón giữa
👇,chỉ số trái tay trỏ xuống
☝,chỉ mục hướng lên
👍,thích
👎,không thích
✊,nắm tay giơ lên
👊,nắm tay sắp tới
🤛,nắm tay trái
🤜,nắm tay phải đối mặt
👏,vỗ tay
🙌,giơ tay
👐,mở tay
🤲,úp bàn tay vào nhau
🤝,bắt tay
🙏,chắp tay
✍,viết tay
💅,làm móng
🤳,Chụp ảnh tự sướng
💪,bắp tay uốn cong
🦾,⊛ cánh tay cơ khí
🦿,⊛ chân máy
🦵,Chân
🦶,chân
👂,tai
🦻,⊛ tai với máy trợ thính
👃,cái mũi
🧠,óc
🦷,răng
🦴,xương
👀,đôi mắt
👁,con mắt
👅,lưỡi
👄,mồm
👶,đứa bé
🧒,đứa trẻ
👦,con trai
👧,con gái
🧑,người
👱,người: tóc vàng
👨,Đàn ông
🧔,người đàn ông: râu
👱‍♂️,người đàn ông: tóc vàng
👨‍🦰,người đàn ông: tóc đỏ
👨‍🦱,người đàn ông: tóc xoăn
👨‍🦳,người đàn ông: tóc trắng
👨‍🦲,người đàn ông: hói
👩,đàn bà
👱‍♀️,người phụ nữ: tóc vàng
👩‍🦰,người phụ nữ: tóc đỏ
👩‍🦱,người phụ nữ: tóc xoăn
👩‍🦳,người phụ nữ: tóc trắng
👩‍🦲,người phụ nữ: hói
🧓,Người lớn tuổn hơn
👴,ông già
👵,bà già
🙍,người cau mày
🙍‍♂️,người đàn ông cau mày
🙍‍♀️,người phụ nữ cau mày
🙎,người bĩu môi
🙎‍♂️,người đàn ông bĩu môi
🙎‍♀️,người phụ nữ bĩu môi
🙅,người ra hiệu KHÔNG
🙅‍♂️,người đàn ông ra hiệu KHÔNG
🙅‍♀️,người phụ nữ cử chỉ KHÔNG
🙆,người ra hiệu OK
🙆‍♂️,người đàn ông ra hiệu OK
🙆‍♀️,người phụ nữ ra hiệu OK
💁,người đưa tay
💁‍♂️,người đàn ông đưa tay
💁‍♀️,tay phụ nữ
🙋,người giơ tay
🙋‍♂️,người đàn ông giơ tay
🙋‍♀️,người phụ nữ giơ tay
🧏,Tôi người điếc
🧏‍♂️,Tôi người đàn ông điếc
🧏‍♀️,⊛ người phụ nữ khiếm thính
🙇,người cúi đầu
🙇‍♂️,người đàn ông cúi đầu
🙇‍♀️,người phụ nữ cúi chào
🤦,người đối mặt
🤦‍♂️,người đàn ông quay mặt
🤦‍♀️,người phụ nữ ôm mặt
🤷,người nhún vai
🤷‍♂️,người đàn ông nhún vai
🤷‍♀️,người phụ nữ nhún vai
👨‍⚕️,nhân viên y tế
👩‍⚕️,nhân viên y tế phụ nữ
👨‍🎓,nam sinh
👩‍🎓,nữ sinh
👨‍🏫,giáo viên đàn ông
👩‍🏫,giáo viên nữ
👨‍⚖️,người đàn ông thẩm phán
👩‍⚖️,thẩm phán phụ nữ
👨‍🌾,người đàn ông nông dân
👩‍🌾,phụ nữ nông dân
👨‍🍳,người đàn ông nấu ăn
👩‍🍳,phụ nữ nấu ăn
👨‍🔧,thợ máy
👩‍🔧,thợ máy phụ nữ
👨‍🏭,công nhân nhà máy người đàn ông
👩‍🏭,nữ công nhân nhà máy
👨‍💼,nhân viên văn phòng
👩‍💼,nữ nhân viên văn phòng
👨‍🔬,nhà khoa học con người
👩‍🔬,nhà khoa học nữ
👨‍💻,nhà công nghệ con người
👩‍💻,kỹ thuật viên phụ nữ
👨‍🎤,ca sĩ đàn ông
👩‍🎤,ca sĩ nữ
👨‍🎨,nghệ sĩ đàn ông
👩‍🎨,nữ nghệ sĩ
👨‍✈️,người đàn ông phi công
👩‍✈️,nữ phi công
👨‍🚀,phi hành gia người đàn ông
👩‍🚀,nữ phi hành gia
👨‍🚒,người lính cứu hỏa
👩‍🚒,nữ lính cứu hỏa
👮,Cảnh sát
👮‍♂️,người đàn ông cảnh sát
👮‍♀️,nữ cảnh sát
🕵,thám tử
🕵️‍♂️,thám tử đàn ông
🕵️‍♀️,thám tử nữ
💂,bảo vệ
💂‍♂️,người bảo vệ
💂‍♀️,người phụ nữ bảo vệ
👷,công nhân xây dựng
👷‍♂️,công nhân xây dựng
👷‍♀️,nữ công nhân xây dựng
🤴,Hoàng tử
👸,công chúa
👳,người đội khăn xếp
👳‍♂️,người đàn ông đội khăn xếp
👳‍♀️,người phụ nữ đội khăn xếp
👲,người đàn ông đội mũ lưỡi trai Trung Quốc
🧕,người phụ nữ với khăn trùm đầu
🤵,người đàn ông mặc tuxedo
👰,cô dâu với mạng che mặt
🤰,phụ nữ có thai
🤱,cho con bú
👼,em be Thiên thân
🎅,Ông già Noen
🤶,Bà Claus
🦸,siêu anh hùng
🦸‍♂️,siêu anh hùng
🦸‍♀️,nữ siêu anh hùng
🦹,siêu ác nhân
🦹‍♂️,người đàn ông supervillain
🦹‍♀️,người phụ nữ supervillain
🧙,pháp sư
🧙‍♂️,pháp sư đàn ông
🧙‍♀️,nữ pháp sư
🧚,nàng tiên
🧚‍♂️,người đàn ông tiên
🧚‍♀️,tiên nữ
🧛,ma cà rồng
🧛‍♂️,ma cà rồng đàn ông
🧛‍♀️,ma cà rồng nữ
🧜,người thương
🧜‍♂️,người đức
🧜‍♀️,Mỹ nhân ngư
🧝,gia tinh
🧝‍♂️,người đàn ông yêu tinh
🧝‍♀️,nữ yêu tinh
🧞,thần đèn
🧞‍♂️,thần đèn
🧞‍♀️,thần đèn phụ nữ
🧟,thây ma
🧟‍♂️,người đàn ông thây ma
🧟‍♀️,thây ma phụ nữ
💆,người được mát xa
💆‍♂️,người đàn ông được mát xa
💆‍♀️,người phụ nữ được mát xa
💇,người cắt tóc
💇‍♂️,người đàn ông cắt tóc
💇‍♀️,người phụ nữ cắt tóc
🚶,người đi bộ
🚶‍♂️,người đàn ông đi bộ
🚶‍♀️,người phụ nữ đi bộ
🧍,⊛ người đang đứng
🧍‍♂️,⊛ người đàn ông đang đứng
🧍‍♀️,⊛ người phụ nữ đang đứng
🧎,⊛ người đang quỳ
🧎‍♂️,⊛ người đàn ông đang quỳ
🧎‍♀️,⊛ người phụ nữ đang quỳ
👨‍🦯,⊛ người đàn ông với cây gậy thăm dò
👩‍🦯,⊛ người phụ nữ với cây gậy thăm dò
👨‍🦼,⊛ người đàn ông ngồi trên xe lăn có động cơ
👩‍🦼,⊛ người phụ nữ ngồi trên xe lăn có động cơ
👨‍🦽,⊛ người đàn ông ngồi trên xe lăn bằng tay
👩‍🦽,⊛ người phụ nữ ngồi xe lăn bằng tay
🏃,người đang chạy
🏃‍♂️,người đàn ông đang chạy
🏃‍♀️,người phụ nữ đang chạy
💃,người phụ nữ khiêu vũ
🕺,người đàn ông khiêu vũ
🕴,người đàn ông trong bộ đồ bay lên
👯,những người có đôi tai thỏ
👯‍♂️,đàn ông có tai thỏ
👯‍♀️,phụ nữ có đôi tai thỏ
🧖,người trong phòng ướt át
🧖‍♂️,người đàn ông trong căn phòng ướt át
🧖‍♀️,người phụ nữ trong căn phòng ướt át
🧗,người leo núi
🧗‍♂️,người đàn ông leo núi
🧗‍♀️,người phụ nữ leo núi
🤺,đấu kiếm người
🏇,đua ngựa
⛷,người trợt tuyết
🏂,người trượt tuyết
🏌,người chơi gôn
🏌️‍♂️,người đàn ông chơi gôn
🏌️‍♀️,người phụ nữ chơi gôn
🏄,người lướt sóng
🏄‍♂️,người đàn ông lướt sóng
🏄‍♀️,người phụ nữ lướt sóng
🚣,người chèo thuyền
🚣‍♂️,người đàn ông chèo thuyền
🚣‍♀️,người phụ nữ chèo thuyền
🏊,người đang bơi
🏊‍♂️,người đàn ông bơi lội
🏊‍♀️,người phụ nữ bơi lội
⛹,người nảy bóng
⛹️‍♂️,người đàn ông quả bóng nảy
⛹️‍♀️,người phụ nữ nảy bóng
🏋,người nâng tạ
🏋️‍♂️,người đàn ông nâng tạ
🏋️‍♀️,người phụ nữ nâng tạ
🚴,người đạp xe
🚴‍♂️,người đàn ông đi xe đạp
🚴‍♀️,người phụ nữ đi xe đạp
🚵,người đi xe đạp leo núi
🚵‍♂️,người đàn ông đi xe đạp leo núi
🚵‍♀️,người phụ nữ đi xe đạp leo núi
🤸,người quay phim
🤸‍♂️,người đàn ông quay phim
🤸‍♀️,người phụ nữ quay phim
🤼,mọi người đấu vật
🤼‍♂️,đấu vật nam
🤼‍♀️,đấu vật nữ
🤽,người chơi bóng nước
🤽‍♂️,người đàn ông chơi bóng nước
🤽‍♀️,người phụ nữ chơi bóng nước
🤾,người chơi bóng ném
🤾‍♂️,người đàn ông chơi bóng ném
🤾‍♀️,người phụ nữ chơi bóng ném
🤹,người tung hứng
🤹‍♂️,người đàn ông tung hứng
🤹‍♀️,người phụ nữ tung hứng
🧘,người ở tư thế hoa sen
🧘‍♂️,người đàn ông trong tư thế hoa sen
🧘‍♀️,người phụ nữ trong tư thế hoa sen
🛀,người đang tắm
🛌,người trên giường
🧑‍🤝‍🧑, mọi người nắm tay nhau
👭,phụ nữ nắm tay nhau
👫,phụ nữ và đàn ông nắm tay nhau
👬,đàn ông nắm tay nhau
💏,hôn
👩‍❤️‍💋‍👨,"hôn: đàn bà, đàn ông"
👨‍❤️‍💋‍👨,"hôn: đàn ông, đàn ông"
👩‍❤️‍💋‍👩,"hôn: đàn bà, đàn bà"
💑,cặp đôi có trái tim
👩‍❤️‍👨,"cặp đôi có trái tim: đàn bà, đàn ông"
👨‍❤️‍👨,"cặp đôi có trái tim: đàn ông, đàn ông"
👩‍❤️‍👩,"cặp đôi có trái tim: đàn bà, đàn bà"
👪,gia đình
👨‍👩‍👦,"gia đình: đàn ông, phụ nữ, con trai"
👨‍👩‍👧,"gia đình: đàn ông, đàn bà, con gái"
👨‍👩‍👧‍👦,"gia đình: đàn ông, phụ nữ, cô gái, cậu bé"
👨‍👩‍👦‍👦,"gia đình: đàn ông, đàn bà, con trai, con trai"
👨‍👩‍👧‍👧,"gia đình: đàn ông, phụ nữ, cô gái, cô gái"
👨‍👨‍👦,"family: man, man, boy"
👨‍👨‍👧,"gia đình: đàn ông, đàn ông, cô gái"
👨‍👨‍👧‍👦,"gia đình: đàn ông, đàn ông, cô gái, cậu bé"
👨‍👨‍👦‍👦,"gia đình: người đàn ông, người đàn ông, cậu bé, cậu bé"
👨‍👨‍👧‍👧,"gia đình: đàn ông, đàn ông, cô gái, cô gái"
👩‍👩‍👦,"gia đình: đàn bà, đàn bà, con trai"
👩‍👩‍👧,"gia đình: phụ nữ, phụ nữ, cô gái"
👩‍👩‍👧‍👦,"gia đình: đàn bà, đàn bà, con gái, con trai"
👩‍👩‍👦‍👦,"gia đình: đàn bà, đàn bà, con trai, con trai"
👩‍👩‍👧‍👧,"gia đình: người phụ nữ, người phụ nữ, cô gái, cô gái"
👨‍👦,"gia đình: người đàn ông, cậu bé"
👨‍👦‍👦,"gia đình: người đàn ông, cậu bé, cậu bé"
👨‍👧,"gia đình: đàn ông, cô gái"
👨‍👧‍👦,"gia đình: đàn ông, cô gái, cậu bé"
👨‍👧‍👧,"gia đình: đàn ông, cô gái, cô gái"
👩‍👦,"gia đình: đàn bà, con trai"
👩‍👦‍👦,"gia đình: đàn bà, con trai, con trai"
👩‍👧,"gia đình: phụ nữ, cô gái"
👩‍👧‍👦,"gia đình: đàn bà, con gái, con trai"
👩‍👧‍👧,"gia đình: người phụ nữ, cô gái, cô gái"
🗣,đầu nói
👤,bức tượng bán thân
👥,bán thân trong bóng
👣,dấu chân
🦰,tóc đỏ
🦱,tóc xoăn
🦳,tóc trắng
🦲,hói
🐵,mặt khỉ
🐒,con khỉ
🦍,con khỉ đột
🦧, đười ươi
🐶,mặt chó
🐕,chó
🦮, con chó dẫn đườnd
🐕‍🦺, chó dịch vụ
🐩,chó xù
🐺,chó sói
🦊,cáo
🦝,Gấu mèo. - Gấu mèo
🐱,mặt mèo
🐈,con mèo
🦁,sư tử
🐯,mặt hổ
🐅,con hổ
🐆,báo
🐴,mặt ngựa
🐎,con ngựa
🦄,con kỳ lân
🦓,ngựa rằn
🦌,con nai
🐮,mặt bò
🐂,con bò
🐃,trâu nước
🐄,con bò
🐷,mặt lợn
🐖,con lợn
🐗,heo rừng
🐽,mũi heo
🐏,ram
🐑,cừu cái
🐐,con dê
🐪,lạc đà
🐫,lạc đà hai bướu
🦙,llama
🦒,hươu cao cổ
🐘,con voi
🦏,tê giác
🦛,Hà mã
🐭,mặt chuột
🐁,chuột
🐀,con chuột
🐹,chuột đồng
🐰,mặt thỏ
🐇,Con thỏ
🐿,sóc chuột
🦔,nhím
🦇,con dơi
🐻,chịu
🐨,gấu túi
🐼,gấu trúc
🦥,Con lười
🦦,⊛ rái cá
🦨,⊛ chồn hôi
🦘,con chuột túi
🦡,con lửng
🐾,vết chân chó
🦃,gà tây
🐔,thịt gà
🐓,gà trống
🐣,gà con đang nở
🐤,gà con
🐥,gà con quay mặt trước
🐦,chim
🐧,chim cánh cụt
🕊,chim bồ câu
🦅,chim ưng
🦆,con vịt
🦢,Thiên nga
🦉,con cú
🦩, chim hồng hạc
🦚,con công
🦜,con vẹt
🐸,con ếch
🐊,Cá sấu
🐢,rùa
🦎,con thằn lằn
🐍,con rắn
🐲,mặt rồng
🐉,rồng
🦕,sauropod
🦖,T-Rex
🐳,cá voi phun nước
🐋,cá voi
🐬,cá heo
🐟,cá
🐠,cá nhiệt đới
🐡,cá thổi
🦈,cá mập
🐙,bạch tuộc
🐚,vỏ xoắn ốc
🐌,ốc sên
🦋,bươm bướm
🐛,bọ cánh cứng
🐜,con kiến
🐝,ong mật
🐞,Bọ cánh cứng
🦗,bóng chày
🕷,con nhện
🕸,mạng nhện
🦂,con bò cạp
🦟,con muỗi
🦠,vi trùng
💐,bó hoa
🌸,Hoa anh đào
💮,Hoa màu trắng
🏵,hoa thị
🌹,Hoa hồng
🥀,hoa héo
🌺,dâm bụt
🌻,hoa hướng dương
🌼,hoa
🌷,hoa tulip
🌱,cây con
🌲,cây thường xanh
🌳,cây rụng lá
🌴,cây cọ
🌵,cây xương rồng
🌾,bó gạo
🌿,thảo mộc
☘,cây xa trục thảo
🍀,cỏ bốn lá
🍁,lá phong
🍂,lá rơi
🍃,lá rung rinh trong gió
🍇,nho
🍈,dưa
🍉,dưa hấu
🍊,quýt
🍋,Chanh
🍌,trái chuối
🍍,Trái dứa
🥭,trái xoài
🍎,táo đỏ
🍏,táo Xanh
🍐,Lê
🍑,đào
🍒,anh đào
🍓,dâu
🥝,trái kiwi
🍅,cà chua
🥥,dừa
🥑,trái bơ
🍆,cà tím
🥔,khoai tây
🥕,củ cà rốt
🌽,bắp ngô
🌶,ớt
🥒,quả dưa chuột
🥬,lá xanh
🥦,bông cải xanh
🧄,tỏi
🧅,hành tây
🍄,nấm
🥜,đậu phộng
🌰,hạt dẻ
🍞,bánh mỳ
🥐,bánh sừng bò
🥖,bánh mì baguette
🥨,bánh quy
🥯,bánh mì tròn
🥞,bánh xèo
🧇,bánh quế
🧀,phô mai hình cái nêm
🍖,thịt trên xương
🍗,chân gia cầm
🥩,cắt thịt
🥓,Thịt ba rọi
🍔,bánh hamburger
🍟,khoai tây chiên
🍕,pizza
🌭,bánh mì kẹp xúc xích
🥪,bánh mì sandwich
🌮,taco
🌯,bánh burrito
🥙,bánh mì dẹt nhồi
🧆, falafel
🥚,trứng
🍳,nấu nướng
🥘,chảo cạn thức ăn
🍲,nồi thức ăn
🥣,bát với thìa
🥗,xà lách xanh
🍿,bắp rang bơ
🧈,bơ
🧂,Muối
🥫,đồ ăn đóng hộp
🍱,hộp đựng cơm
🍘,bánh gạo
🍙,cơm nắm
🍚,nấu cơm
🍛,cơm cà ri
🍜,xửng hấp
🍝,mì ống Ý
🍠,khoai lang nướng
🍢,oden
🍣,sushi
🍤,tôm chiên
🍥,chả cá xoáy
🥮,bánh trung thu
🍡,dango
🥟,bánh bao
🥠,bánh quy may mắn
🥡,hộp đồ ăn mang đi
🦀,cua
🦞,tôm hùm
🦐,con tôm
🦑,mực ống
🦪,hàu
🍦,kem tươi
🍧,đá bào
🍨,kem
🍩,bánh vòng
🍪,bánh quy
🎂,bánh sinh nhật
🍰,bánh nướng nhỏ
🧁,bánh cupcake
🥧,bánh pie
🍫,thanh sô cô la
🍬,kẹo
🍭,kẹo mút
🍮,bánh trứng
🍯,hũ mật ong
🍼,bình sữa trẻ em
🥛,cốc sữa
☕,thức uống nóng
🍵,tách trà không có tay cầm
🍶,lợi ích
🍾,chai có nút chai
🍷,ly rượu
🍸,ly cocktail
🍹,đồ uống nhiệt đới
🍺,cốc bia
🍻,cốc bia nhấp nháy
🥂,kính nhấp nháy
🥃,ly thủy tinh
🥤,cốc có ống hút
🧃,⊛ hộp đồ uống
🧉,Tôi bạn đời
🧊,băng
🥢,đũa
🍽,nĩa và dao với đĩa
🍴,nĩa và dao
🥄,cái thìa
🔪,dao làm bếp
🏺,amphora
🌍,quả địa cầu hiển thị Châu Âu-Châu Phi
🌎,quả địa cầu hiển thị châu Mỹ
🌏,quả địa cầu hiển thị Châu Á-Úc
🌐,địa cầu có kinh tuyến
🗺,bản đồ thế giới
🗾,bản đồ của nhật bản
🧭,la bàn
🏔,núi phủ tuyết
⛰,núi
🌋,núi lửa
🗻,Fuji Mount
🏕,cắm trại
🏖,bãi biển với ô
🏜,Sa mạc
🏝,hoang đảo
🏞,công viên quốc gia
🏟,sân vận động
🏛,tòa nhà cổ điển
🏗,xây dựng công trình
🧱,gạch
🏘,những ngôi nhà
🏚,nhà vô chủ
🏠,nhà ở
🏡,nhà có vườn
🏢,Tòa nhà văn phòng
🏣,Bưu điện nhật bản
🏤,Bưu điện
🏥,bệnh viện
🏦,ngân hàng
🏨,khách sạn
🏩,khách sạn tình yêu
🏪,cửa hàng tiện dụng
🏫,trường học
🏬,cửa hàng bách hóa
🏭,nhà máy
🏯,Lâu đài nhật bản
🏰,Lâu đài
💒,lễ cưới
🗼,Tháp Tokyo
🗽,Tượng nữ thần tự do
⛪,nhà thờ
🕌,nhà thờ Hồi giáo
🛕,chùa hindu
🕍,giáo đường Do Thái
⛩,đền thờ Shinto
🕋,kaaba
⛲,Đài phun nước
⛺,Cái lều
🌁,sương mù
🌃,đêm với những vì sao
🏙,cảnh quan thành phố
🌄,mặt trời mọc trên núi
🌅,bình Minh
🌆,cảnh quan thành phố lúc hoàng hôn
🌇,Hoàng hôn
🌉,cầu vào ban đêm
♨,suối nước nóng
🎠,ngựa băng chuyền
🎡,đu quay
🎢,tàu lượn siêu tốc
💈,cột cắt tóc
🎪,lều xiếc
🚂,đầu máy xe lửa
🚃,toa tàu
🚄,tàu cao tốc
🚅,tàu cao tốc
🚆,xe lửa
🚇,tàu điện
🚈,đường sắt nhẹ
🚉,ga tàu
🚊,Xe điện
🚝,monorail
🚞,đường sắt trên núi
🚋,xe điện
🚌,xe buýt
🚍,xe buýt sắp tới
🚎,xe đẩy
🚐,xe buýt nhỏ
🚑,xe cứu thương
🚒,máy bơm nước cứu hỏa
🚓,xe cảnh sát
🚔,xe cảnh sát đang tới
🚕,xe tắc xi
🚖,taxi đang đến
🚗,ô tô
🚘,ô tô đang tới
🚙,xe thể thao tiện ích
🚚,xe tải giao hàng
🚛,xe tải có khớp nối
🚜,máy kéo
🏎,xe đua
🏍,xe máy
🛵,xe gắn máy tay ga
🦽,xe lăn bằng tay
🦼,xe lăn có động cơ
🛺,xe kéo tự động
🚲,Xe đạp
🛴,đá xe tay ga
🛹,ván trượt
🚏,điểm dừng xe buýt
🛣,đường cao tốc
🛤,đường sắt
🛢,trống dầu
⛽,bơm nhiên liệu
🚨,đèn xe cảnh sát
🚥,đèn giao thông ngang
🚦,đèn giao thông dọc
🛑,biển báo dừng
🚧,xây dựng
⚓,mỏ neo
⛵,thuyền buồm
🛶,xuồng
🚤,tàu cao tốc
🛳,tàu chở khách
⛴,chiếc phà
🛥,thuyền máy
🚢,tàu
✈,Máy bay
🛩,máy bay nhỏ
🛫,máy bay khởi hành
🛬,máy bay đến
🪂,dù
💺,ghế
🚁,máy bay trực thăng
🚟,đường sắt treo
🚠,cáp treo núi
🚡,Đường xe điện trên không
🛰,vệ tinh
🚀,tên lửa
🛸,đĩa bay
🛎,chuông cửa hàng
🧳,Hành lý
⌛,đồng hồ cát thực hiện
⏳,đồng hồ cát không xong
⌚,đồng hồ đeo tay
⏰,đồng hồ báo thức
⏱,đồng hồ bấm giờ
⏲,đồng hồ hẹn giờ
🕰,đồng hồ lò sưởi
🕛,mười hai giờ
🕧,mười hai giờ rưỡi
🕐,một giờ
🕜,một giờ ba mươi
🕑,hai giờ
🕝,hai giờ ba mươi
🕒,ba giờ
🕞,ba ba mươi
🕓,bốn giờ
🕟,bốn ba mươi
🕔,năm giờ
🕠,năm giờ ba mươi
🕕,sáu giờ đúng
🕡,sáu giờ ba mươi
🕖,bảy giờ
🕢,bảy giờ ba mươi
🕗,tám giờ
🕣,tám giờ ba mươi
🕘,chín giờ
🕤,chín giờ rưỡi
🕙,mười giờ
🕥,mười giờ ba mươi
🕚,mười một giờ
🕦,mười một giờ ba mươi
🌑,trăng non
🌒,Trăng lưỡi liềm
🌓,trăng quý đầu tiên
🌔,Waxing mặt trăng
🌕,trăng tròn
🌖,trăng khuyết
🌗,trăng quý trước
🌘,trăng lưỡi liềm tàn lụi
🌙,trăng lưỡi liềm
🌚,mặt trăng non
🌛,mặt trăng quý đầu tiên
🌜,mặt trăng quý trước
🌡,nhiệt kế
☀,mặt trời
🌝,mặt trăng tròn
🌞,mặt trời với khuôn mặt
🪐,hành tinh có chuông
⭐,ngôi sao
🌟,ngôi sao phát sáng
🌠,sao băng
🌌,dải Ngân Hà
☁,đám mây
⛅,mặt trời đằng sau đám mây
⛈,mây có sấm chớp và mưa
🌤,mặt trời đằng sau đám mây nhỏ
🌥,mặt trời đằng sau đám mây lớn
🌦,mặt trời đằng sau đám mây mưa
🌧,mây có mưa
🌨,mây có tuyết
🌩,đám mây có sấm sét
🌪,lốc xoáy
🌫,sương mù
🌬,mặt gió
🌀,lốc xoáy
🌈,cầu vồng
🌂,ô đóng
☂,ô
☔,ô với giọt mưa
⛱,ô trên mặt đất
⚡,điện cao thế
❄,bông tuyết
☃,người tuyết
⛄,người tuyết không có tuyết
☄,sao chổi
🔥,ngọn lửa
💧,giọt
🌊,sóng nước
🎃,đèn bí ngô
🎄,Cây thông noel
🎆,bắn pháo hoa
🎇,pháo hoa que
🧨,pháo nổ
✨,lấp lánh
🎈,quả bóng bay
🎉,bữa tiệc popper
🎊,quả bóng hoa giấy
🎋,cây tanabata
🎍,trang trí cây thông
🎎,Búp bê nhật bản
🎏,streamer cá chép
🎐,chuông gió
🎑,lễ ngắm trăng
🧧,phong bì đỏ
🎀,ruy-băng
🎁,gói quà
🎗,dải băng nhắc nhở
🎟,vé vào cửa
🎫,vé máy bay
🎖,huy chương quân sự
🏆,chiếc cúp
🏅,huy chương thể thao
🥇,Huy chương hạng nhất
🥈,Huy chương hạng 2
🥉,Huy chương hạng 3
⚽,bóng đá
⚾,bóng chày
🥎,bóng mềm
🏀,bóng rổ
🏐,bóng chuyền
🏈,bóng đá mỹ
🏉,Bóng bầu dục bóng bầu dục
🎾,quần vợt
🥏,đĩa bay
🎳,bowling
🏏,trò chơi cricket
🏑,khúc côn cầu
🏒,khúc côn cầu trên băng
🥍,lacrosse
🏓,bóng bàn
🏸,cầu lông
🥊,găng tay đấm bốc
🥋,võ phục
🥅,lưới mục tiêu
⛳,cờ trong lỗ
⛸,giày trượt băng
🎣,cần câu cá
🤿,mặt nạ lặn
🎽,áo chạy bộ
🎿,ván trượt
🛷,xe trượt tuyết
🥌,đá uốn
🎯,đánh trực tiếp
🪀,⊛ yo-yo
🪁,⊛ diều
🎱,pool 8 bóng
🔮,quả cầu pha lê
🧿,bùa hộ mệnh nazar
🎮,tro chơi điện tử
🕹,cần điều khiển
🎰,may đanh bạc
🎲,trò chơi chết
🧩,mảnh ghép
🧸,gấu bông
♠,bộ đồ thuổng
♥,bộ đồ trái tim
♦,bộ đồ kim cương
♣,bộ đồ câu lạc bộ
♟,con cờ
🃏,người pha trò
🀄,mạt chược rồng đỏ
🎴,chơi bài hoa
🎭,biểu diễn nghệ thuật
🖼,khung tranh
🎨,bảng màu nghệ sĩ
🧵,sợi chỉ
🧶,sợi
👓,kính
🕶,kính râm
🥽,kính bảo hộ
🥼,áo khoác phòng thí nghiệm
🦺,Áo bảo hộ
👔,cà vạt
👕,Áo thun
👖,Quần jean
🧣,khăn quàng cổ
🧤,găng tay
🧥,áo choàng ngoài
🧦,vớ
👗,trang phục
👘,kimono
🥻,sari
🩱,áo tắm một mảnh
🩲,tóm tắt
🩳,quần đùi
👙,bikini
👚,quần áo phụ nữ
👛,cái ví
👜,túi xách tay
👝,túi xach tay
🛍,các túi mua sắm
🎒,ba lô
👞,giày của đàn ông
👟,giày chạy bộ
🥾,khởi động đi bộ đường dài
🥿,giày phẳng
👠,giày cao gót
👡,giày sandal của phụ nữ
🩰,giày ba lê
👢,giày của phụ nữ
👑,Vương miện
👒,mũ phụ nữ
🎩,mũ đội đầu
🎓,Nón tốt nghiệp
🧢,giới hạn thanh toán
⛑,mũ bảo hiểm của nhân viên cứu hộ
📿,chuỗi hạt cầu nguyện
💄,son môi
💍,nhẫn
💎,đá quý
🔇,loa tắt tiếng
🔈,loa âm lượng thấp
🔉,loa âm lượng trung bình
🔊,loa âm lượng lớn
📢,loa phóng thanh
📣,cái loa
📯,còi bưu điện
🔔,chuông
🔕,chuông có dấu gạch chéo
🎼,điểm âm nhạc
🎵,nốt nhạc
🎶,Nốt nhạc
🎙,micrô phòng thu
🎚,thanh trượt cấp
🎛,nút điều khiển
🎤,cái mic cờ rô
🎧,tai nghe
📻,Đài
🎷,saxophone
🎸,đàn ghi ta
🎹,bàn phím âm nhạc
🎺,kèn
🎻,đàn vi ô lông
🪕,banjo
🥁,trống
📱,điện thoại di động
📲,điện thoại di động có mũi tên
☎,Điện thoại
📞,người nhận điện thoại
📟,máy nhắn tin
📠,máy fax
🔋,ắc quy
🔌,phích cắm điện
💻,máy tính xách tay
🖥,máy tính desktop
🖨,máy in
⌨,bàn phím
🖱,chuột máy tính
🖲,bi xoay
💽,đĩa máy tính
💾,đĩa mềm
💿,đĩa quang
📀,đĩa DVD
🧮,bàn tính
🎥,máy quay phim
🎞,khung phim
📽,máy chiếu phim
🎬,bảng vỗ tay
📺,Tivi
📷,Máy ảnh
📸,máy ảnh có đèn flash
📹,máy quay video
📼,videocassette
🔍,kính lúp nghiêng trái
🔎,kính lúp nghiêng sang phải
🕯,nến
💡,bóng đèn
🔦,đèn pin
🏮,đèn lồng giấy đỏ
🪔,đèn diya
📔,sổ tay có bìa trang trí
📕,cuốn sách đóng lại
📖,mở sách
📗,sách xanh
📘,cuốn sách màu xanh
📙,cuốn sách màu cam
📚,sách
📓,sổ tay
📒,sổ cái
📃,trang có cuộn
📜,cuộn giấy
📄,trang hướng lên
📰,báo chí
🗞,tờ báo cuộn lại
📑,tab đánh dấu
🔖,dấu trang
🏷,nhãn
💰,túi tiền
💴,tiền giấy yên
💵,tiền giấy đô la
💶,tiền giấy euro
💷,tiền giấy bảng Anh
💸,tiền có cánh
💳,thẻ tín dụng
🧾,biên lai
💹,biểu đồ tăng theo yên
💱,thu đổi ngoại tệ
💲,ký hiệu đô la nặng
✉,phong bì
📧,e-mail
📨,phong bì đến
📩,phong bì có mũi tên
📤,khay hộp thư đi
📥,khay hộp thư đến
📦,gói hàng
📫,hộp thư đóng với lá cờ được nâng lên
📪,đóng hộp thư với cờ hạ xuống
📬,mở hộp thư với lá cờ được nâng lên
📭,mở hộp thư với cờ hạ xuống
📮,hộp thư
🗳,thùng phiếu với lá phiếu
✏,bút chì
✒,ngòi đen
🖋,bút máy
🖊,cây bút
🖌,cọ sơn
🖍,bút sáp màu
📝,bản ghi nhớ
💼,Va li công tác
📁,thư mục tập tin
📂,mở thư mục tệp
🗂,bộ chia chỉ mục thẻ
📅,lịch
📆,lịch xé
🗒,sổ tay xoắn ốc
🗓,lịch xoắn ốc
📇,chỉ mục thẻ
📈,biểu đồ tăng
📉,biểu đồ giảm
📊,biểu đồ cột
📋,bìa kẹp hồ sơ
📌,đinh ghim
📍,đinh ghim tròn
📎,Cái kẹp giấy
🖇,giấy ghim liên kết
📏,thước thẳng
📐,thước tam giác
✂,cây kéo
🗃,hộp tập tin thẻ
🗄,tủ đựng hồ sơ
🗑,thùng rác
🔒,bị khóa
🔓,mở khóa
🔏,bị khóa bằng bút
🔐,khóa bằng chìa khóa
🔑,Chìa khóa
🗝,chìa khóa cũ
🔨,cây búa
🪓,rìu
⛏,hái
⚒,búa và chọn
🛠,búa và cờ lê
🗡,dao găm
⚔,kiếm chéo
🔫,súng lục
🏹,cung và tên
🛡,cái khiên
🔧,cờ lê
🔩,đai ốc và bu lông
⚙,Hộp số
🗜,kẹp
⚖,quy mô cân bằng
🦯,cây gậy thăm dò
🔗,liên kết
⛓,dây chuyền
🧰,hộp công cụ
🧲,nam châm
⚗,alembic
🧪,ống nghiệm
🧫,đĩa petri
🧬,dna
🔬,kính hiển vi
🔭,kính thiên văn
📡,ăng ten vệ tinh
💉,ống tiêm
🩸,giọt máu
💊,Viên thuốc
🩹,Băng dính 
🩺,ống nghe
🚪,cửa
🛏,Giường
🛋,đi văng và đèn
🪑,ghế
🚽,phòng vệ sinh
🚿,vòi sen
🛁,bồn tắm
🪒,dao cạo râu
🧴,chai kem dưỡng da
🧷,pin an toàn
🧹,cái chổi
🧺,cái rổ
🧻,Cuộn giấy
🧼,xà bông tắm
🧽,bọt biển
🧯,bình cứu hỏa
🛒,giỏ hàng
🚬,thuốc lá
⚰,quan tài
⚱,bình tang lễ
🗿,moai
🏧,Ký hiệu ATM
🚮,xả rác trong thùng rác
🚰,nước sạch
♿,biểu tượng xe lăn
🚹,phòng của nam giới
🚺,phòng nữ
🚻,phòng vệ sinh
🚼,biểu tượng em bé
🚾,tủ đựng nước
🛂,kiểm tra hộ chiếu
🛃,phong tục
🛄,nhận hành lý
🛅,hành lý để lại
⚠,cảnh báo
🚸,trẻ em băng qua
⛔,cấm vào
🚫,Cấm
🚳,không có xe đạp
🚭,không hút thuốc
🚯,không vứt rác bừa bãi
🚱,nước không uống được
🚷,không có người đi bộ
📵,không có điện thoại di động
🔞,không ai dưới mười tám tuổi
☢,phóng xạ
☣,nguy hiểm sinh học
⬆,mũi tên lên
↗,mũi tên lên phải
➡,mũi tên bên phải
↘,mũi tên xuống bên phải
⬇,mũi tên xuống
↙,mũi tên xuống bên trái
⬅,mũi tên trái
↖,mũi tên lên trái
↕,mũi tên lên xuống
↔,mũi tên trái-phải
↩,mũi tên phải cong trái
↪,mũi tên trái uốn cong bên phải
⤴,mũi tên phải cong lên
⤵,mũi tên phải cong xuống
🔃,mũi tên dọc theo chiều kim đồng hồ
🔄,nút mũi tên ngược chiều kim đồng hồ
🔙,Mũi tên QUAY LẠI
🔚,Mũi tên KẾT THÚC
🔛,TRÊN! mũi tên
🔜,Mũi tên SOON
🔝,Mũi tên hàng đầu
🛐,nơi thờ cúng
⚛,biểu tượng nguyên tử
🕉,om
✡,ngôi sao của David
☸,bánh xe pháp
☯,âm dương
✝,chữ thập latin
☦,thập giá chính thống
☪,ngôi sao và lưỡi liềm
☮,biểu tượng hòa bình
🕎,menorah
🔯,ngôi sao sáu cánh chấm
♈,Bạch Dương
♉,chòm sao Kim Ngưu
♊,Song Tử
♋,Ung thư
♌,Sư Tử
♍,Xử Nữ
♎,Thiên Bình
♏,Bò Cạp
♐,chòm sao Nhân Mã
♑,Ma Kết
♒,Bảo Bình
♓,cung Song Ngư
⛎,Ophiuchus
🔀,nút trộn bài hát
🔁,nút lặp lại
🔂,lặp lại một nút
▶,nút phát
⏩,nút tua nhanh
⏭,nút theo dõi tiếp theo
⏯,nút phát hoặc tạm dừng
◀,nút đảo ngược
⏪,nút đảo ngược nhanh
⏮,nút theo dõi cuối cùng
🔼,nút hướng lên
⏫,nút tăng nhanh
🔽,nút xuống
⏬,nút xuống nhanh
⏸,nút tạm dừng
⏹,Nút dừng
⏺,nút ghi âm
⏏,nút đẩy
🎦,Rạp chiếu phim
🔅,nút mờ
🔆,nút sáng
📶,thanh ăng ten
📳,chế độ rung
📴,điện thoại di động tắt
♀,dấu hiệu nữ
♂,dấu hiệu nam
⚕,biểu tượng y tế
♾,vô cực
♻,biểu tượng tái chế
⚜,Hoa bách hợp
🔱,biểu tượng đinh ba
📛,huy hiệu tên
🔰,Biểu tượng tiếng Nhật cho người mới bắt đầu
⭕,hình tròn rỗng màu đỏ
✅,nút dấu kiểm
☑,hộp kiểm tra với séc
✔,đánh dấu
✖,dấu nhân
❌,dấu chéo
❎,nút dấu chéo
➕,dấu cộng
➖,dấu trừ
➗,dấu hiệu phân chia
➰,vòng lặp xoăn
➿,vòng lặp xoăn kép
〽,dấu luân phiên phần
✳,dấu hoa thị tám chấm
✴,ngôi sao tám cánh
❇,lấp lánh
‼,dấu chấm than kép
⁉,dấu chấm hỏi chấm than
❓,dấu chấm hỏi
❔,dấu chấm hỏi màu trắng
❕,dấu chấm than trắng
❗,dấu chấm than
〰,dấu gạch ngang gợn sóng
©,bản quyền
®,đã đăng ký
™,Nhãn hiệu
#️⃣,keycap: #
*️⃣,keycap: *
0️⃣,keycap: 0
1️⃣,keycap: 1
2️⃣,keycap: 2
3️⃣,keycap: 3
4️⃣,keycap: 4
5️⃣,keycap: 5
6️⃣,keycap: 6
7️⃣,keycap: 7
8️⃣,keycap: 8
9️⃣,keycap: 9
🔟,keycap: 10
🔠,nhập chữ hoa latin
🔡,nhập chữ thường latin
🔢,đầu vào số
🔣,ký hiệu đầu vào
🔤,nhập các chữ cái latin
🅰,Nút A (nhóm máu)
🆎,Nút AB (nhóm máu)
🅱,Nút B (nhóm máu)
🆑,Nút CL
🆒,Nút COOL
🆓,Nút MIỄN PHÍ
ℹ,thông tin
🆔,Nút ID
Ⓜ,khoanh tròn M
🆕,Nút MỚI
🆖,Nút NG
🅾,Nút O (nhóm máu)
🆗,Nút OK
🅿,Nút P
🆘,Nút SOS
🆙,LÊN! cái nút
🆚,Nút VS
🈁,Nút “tại đây” tiếng Nhật
🈂,"Nút ""phí dịch vụ"" tiếng Nhật"
🈷,"Nút ""số tiền hàng tháng"" của Nhật Bản"
🈶,"Nút ""không miễn phí"" tiếng Nhật"
🈯,"Nút ""đặt trước"" tiếng Nhật"
🉐,"Nút ""mặc cả"" của Nhật Bản"
🈹,"Nút ""giảm giá"" tiếng Nhật"
🈚,"Nút ""miễn phí"" tiếng Nhật"
🈲,"Nút ""bị cấm"" trong tiếng Nhật"
🉑,"Nút ""chấp nhận được"" của Nhật Bản"
🈸,"Nút ""ứng dụng"" tiếng Nhật"
🈴,"Nút ""vượt qua điểm"" tiếng Nhật"
🈳,"Nút ""vị trí tuyển dụng"" của Nhật Bản"
㊗,"Nút ""chúc mừng"" tiếng Nhật"
㊙,"Nút ""bí mật"" của Nhật Bản"
🈺,"Nút ""mở cửa cho doanh nghiệp"" trong tiếng Nhật"
🈵,"Nút ""không có vị trí tuyển dụng"" trong tiếng Nhật"
🔴,vòng tròn đỏ
🟠,⊛ vòng tròn màu cam
🟡,⊛ vòng tròn màu vàng
🟢,⊛ vòng tròn màu xanh lá cây
🔵,vòng tròn màu xanh
🟣,⊛ vòng tròn màu tím
🟤,⊛ vòng tròn màu nâu
⚫,vòng tròn đen
⚪,vòng tròn màu trắng
🟥,⊛ hình vuông màu đỏ
🟧,⊛ hình vuông màu cam
🟨,⊛ hình vuông màu vàng
🟩,⊛ hình vuông màu xanh lá cây
🟦,⊛ hình vuông màu xanh
🟪,⊛ hình vuông màu tím
🟫,⊛ hình vuông màu nâu
⬛,hình vuông lớn màu đen
⬜,hình vuông lớn màu trắng
◼,hình vuông màu đen vừa
◻,hình vuông màu trắng vừa
◾,hình vuông đen vừa và nhỏ
◽,hình vuông vừa và nhỏ màu trắng
▪,hình vuông nhỏ màu đen
▫,hình vuông nhỏ màu trắng
🔶,kim cương lớn màu cam
🔷,viên kim cương xanh lớn
🔸,kim cương nhỏ màu cam
🔹,viên kim cương xanh nhỏ
🔺,tam giác đỏ hướng lên
🔻,hình tam giác màu đỏ hướng xuống
💠,kim cương với một dấu chấm
🔘,nút radio
🔳,nút vuông màu trắng
🔲,nút vuông đen
🏁,cờ ca rô
🚩,cờ tam giác
🎌,cờ chéo
🏴,cờ đen
🏳,cờ trắng
🏳️‍🌈,cờ cầu vồng
🏴‍☠️,cờ cướp biển
🇦🇨,cờ: Đảo Thăng thiên
🇦🇩,cờ: Andorra
🇦🇪,cờ: Các Tiểu vương quốc Ả Rập Thống nhất
🇦🇫,cờ: Afghanistan
🇦🇬,cờ: Antigua & Barbuda
🇦🇮,cờ: Anguilla
🇦🇱,cờ: Albania
🇦🇲,cờ: Armenia
🇦🇴,cờ: Angola
🇦🇶,cờ: Nam Cực
🇦🇷,cờ: Argentina
🇦🇸,cờ: American Samoa
🇦🇹,cờ: Áo
🇦🇺,cờ: Úc
🇦🇼,cờ: Aruba
🇦🇽,cờ: Quần đảo Åland
🇦🇿,cờ: Azerbaijan
🇧🇦,cờ: Bosnia & Herzegovina
🇧🇧,cờ: Barbados
🇧🇩,cờ: Bangladesh
🇧🇪,cờ: Bỉ
🇧🇫,cờ: Burkina Faso
🇧🇬,cờ: Bulgaria
🇧🇭,cờ: Bahrain
🇧🇮,cờ: Burundi
🇧🇯,cờ: Benin
🇧🇱,cờ: St. Barthélemy
🇧🇲,cờ: Bermuda
🇧🇳,cờ: Brunei
🇧🇴,cờ: Bolivia
🇧🇶,cờ: Caribe Hà Lan
🇧🇷,cờ: Brazil
🇧🇸,cờ: Bahamas
🇧🇹,cờ: Bhutan
🇧🇻,cờ: Đảo Bouvet
🇧🇼,cờ: Botswana
🇧🇾,cờ: Belarus
🇧🇿,cờ: Belize
🇨🇦,cờ: Canada
🇨🇨,cờ: Quần đảo Cocos (Keeling)
🇨🇩,cờ: Congo - Kinshasa
🇨🇫,cờ: Cộng hòa Trung Phi
🇨🇬,cờ: Congo - Brazzaville
🇨🇭,cờ: Thụy Sĩ
🇨🇮,cờ: Côte d'Ivoire
🇨🇰,cờ: Quần đảo Cook
🇨🇱,cờ: Chile
🇨🇲,cờ: Cameroon
🇨🇳,cờ: Trung Quốc
🇨🇴,cờ: Colombia
🇨🇵,cờ: Đảo Clipperton
🇨🇷,cờ: Costa Rica
🇨🇺,cờ: Cuba
🇨🇻,cờ: Cape Verde
🇨🇼,cờ: Curaçao
🇨🇽,cờ: Đảo Christmas
🇨🇾,cờ: Cyprus
🇨🇿,cờ: Czechia
🇩🇪,cờ: Đức
🇩🇬,cờ: Diego Garcia
🇩🇯,cờ: Djibouti
🇩🇰,cờ: Đan Mạch
🇩🇲,cờ: Dominica
🇩🇴,cờ: Cộng hòa Dominica
🇩🇿,cờ: Algeria
🇪🇦,cờ: Ceuta & Melilla
🇪🇨,cờ: Ecuador
🇪🇪,cờ: Estonia
🇪🇬,cờ: Ai Cập
🇪🇭,cờ: Tây Sahara
🇪🇷,cờ: Eritrea
🇪🇸,cờ: Tây Ban Nha
🇪🇹,cờ: Ethiopia
🇪🇺,cờ: Liên minh Châu Âu
🇫🇮,cờ: Phần Lan
🇫🇯,cờ: Fiji
🇫🇰,cờ: Quần đảo Falkland
🇫🇲,cờ: Micronesia
🇫🇴,cờ: Quần đảo Faroe
🇫🇷,cờ: Pháp
🇬🇦,cờ: Gabon
🇬🇧,cờ: Vương quốc Anh
🇬🇩,cờ: Grenada
🇬🇪,cờ: Georgia
🇬🇫,cờ: Guiana thuộc Pháp
🇬🇬,cờ: Guernsey
🇬🇭,cờ: Ghana
🇬🇮,cờ: Gibraltar
🇬🇱,cờ: Greenland
🇬🇲,cờ: Gambia
🇬🇳,cờ: Guinea
🇬🇵,cờ: Guadeloupe
🇬🇶,cờ: Guinea Xích đạo
🇬🇷,cờ: Hy Lạp
🇬🇸,cờ: Nam Georgia & Quần đảo Nam Sandwich
🇬🇹,cờ: Guatemala
🇬🇺,cờ: Guam
🇬🇼,cờ: Guinea-Bissau
🇬🇾,cờ: Guyana
🇭🇰,cờ: Hong Kong SAR China
🇭🇲,cờ: Quần đảo Heard & McDonald
🇭🇳,cờ: Honduras
🇭🇷,cờ: Croatia
🇭🇹,cờ: Haiti
🇭🇺,cờ: Hungary
🇮🇨,cờ: Quần đảo Canary
🇮🇩,cờ: Indonesia
🇮🇪,cờ: Ireland
🇮🇱,cờ: Israel
🇮🇲,cờ: Đảo Man
🇮🇳,cờ: Ấn Độ
🇮🇴,cờ: Lãnh thổ Ấn Độ Dương thuộc Anh
🇮🇶,cờ: Iraq
🇮🇷,cờ: Iran
🇮🇸,cờ: Iceland
🇮🇹,cờ: Ý
🇯🇪,cờ: Jersey
🇯🇲,cờ: Jamaica
🇯🇴,cờ: Jordan
🇯🇵,cờ: Nhật Bản
🇰🇪,cờ: Kenya
🇰🇬,cờ: Kyrgyzstan
🇰🇭,cờ: Campuchia
🇰🇮,cờ: Kiribati
🇰🇲,cờ: Comoros
🇰🇳,cờ: St. Kitts & Nevis
🇰🇵,cờ: Bắc Triều Tiên
🇰🇷,cờ: Hàn Quốc
🇰🇼,cờ: Kuwait
🇰🇾,cờ: Quần đảo Cayman
🇰🇿,cờ: Kazakhstan
🇱🇦,cờ: Lào
🇱🇧,cờ: Lebanon
🇱🇨,cờ: St. Lucia
🇱🇮,cờ: Liechtenstein
🇱🇰,cờ: Sri Lanka
🇱🇷,cờ: Liberia
🇱🇸,cờ: Lesotho
🇱🇹,cờ: Lithuania
🇱🇺,cờ: Luxembourg
🇱🇻,cờ: Latvia
🇱🇾,cờ: Libya
🇲🇦,cờ: Maroc
🇲🇨,cờ: Monaco
🇲🇩,cờ: Moldova
🇲🇪,cờ: Montenegro
🇲🇫,cờ: St. Martin
🇲🇬,cờ: Madagascar
🇲🇭,cờ: Quần đảo Marshall
🇲🇰,cờ: Bắc Macedonia
🇲🇱,cờ: Mali
🇲🇲,cờ: Myanmar (Miến Điện)
🇲🇳,cờ: Mông Cổ
🇲🇴,cờ: Macao SAR China
🇲🇵,cờ: Quần đảo Bắc Mariana
🇲🇶,cờ: Martinique
🇲🇷,cờ: Mauritania
🇲🇸,cờ: Montserrat
🇲🇹,cờ: Malta
🇲🇺,cờ: Mauritius
🇲🇻,cờ: Maldives
🇲🇼,cờ: Malawi
🇲🇽,cờ: Mexico
🇲🇾,cờ: Malaysia
🇲🇿,cờ: Mozambique
🇳🇦,cờ: Namibia
🇳🇨,cờ: New Caledonia
🇳🇪,cờ: Niger
🇳🇫,cờ: Đảo Norfolk
🇳🇬,cờ: Nigeria
🇳🇮,cờ: Nicaragua
🇳🇱,cờ: Hà Lan
🇳🇴,cờ: Na Uy
🇳🇵,cờ: Nepal
🇳🇷,cờ: Nauru
🇳🇺,cờ: Niue
🇳🇿,cờ: New Zealand
🇴🇲,cờ: Oman
🇵🇦,cờ: Panama
🇵🇪,cờ: Peru
🇵🇫,cờ: Polynesia thuộc Pháp
🇵🇬,cờ: Papua New Guinea
🇵🇭,cờ: Philippines
🇵🇰,cờ: Pakistan
🇵🇱,cờ: Ba Lan
🇵🇲,cờ: St. Pierre & Miquelon
🇵🇳,cờ: Quần đảo Pitcairn
🇵🇷,cờ: Puerto Rico
🇵🇸,cờ: Lãnh thổ Palestine
🇵🇹,cờ: Bồ Đào Nha
🇵🇼,cờ: Palau
🇵🇾,cờ: Paraguay
🇶🇦,cờ: Qatar
🇷🇪,cờ: Réunion
🇷🇴,cờ: Romania
🇷🇸,cờ: Serbia
🇷🇺,cờ: Nga
🇷🇼,cờ: Rwanda
🇸🇦,cờ: Ả Rập Xê Út
🇸🇧,cờ: Quần đảo Solomon
🇸🇨,cờ: Seychelles
🇸🇩,cờ: Sudan
🇸🇪,cờ: Thụy Điển
🇸🇬,cờ: Singapore
🇸🇭,cờ: St. Helena
🇸🇮,cờ: Slovenia
🇸🇯,cờ: Svalbard & Jan Mayen
🇸🇰,cờ: Slovakia
🇸🇱,cờ: Sierra Leone
🇸🇲,cờ: San Marino
🇸🇳,cờ: Senegal
🇸🇴,cờ: Somalia
🇸🇷,cờ: Suriname
🇸🇸,cờ: Nam Sudan
🇸🇹,cờ: São Tomé & Príncipe
🇸🇻,cờ: El Salvador
🇸🇽,cờ: Sint Maarten
🇸🇾,cờ: Syria
🇸🇿,cờ: Eswatini
🇹🇦,cờ: Tristan da Cunha
🇹🇨,cờ: Quần đảo Turks & Caicos
🇹🇩,cờ: Chad
🇹🇫,cờ: Lãnh thổ phía Nam thuộc Pháp
🇹🇬,cờ: Togo
🇹🇭,cờ: Thái Lan
🇹🇯,cờ: Tajikistan
🇹🇰,cờ: Tokelau
🇹🇱,cờ: Timor-Leste
🇹🇲,cờ: Turkmenistan
🇹🇳,cờ: Tunisia
🇹🇴,cờ: Tonga
🇹🇷,cờ: Thổ Nhĩ Kỳ
🇹🇹,cờ: Trinidad & Tobago
🇹🇻,cờ: Tuvalu
🇹🇼,cờ: Đài Loan
🇹🇿,cờ: Tanzania
🇺🇦,cờ: Ukraine
🇺🇬,cờ: Uganda
🇺🇲,cờ: Quần đảo xa xôi của Hoa Kỳ
🇺🇳,cờ: Liên hợp quốc
🇺🇸,cờ: Hoa Kỳ
🇺🇾,cờ: Uruguay
🇺🇿,cờ: Uzbekistan
🇻🇦,cờ: Thành phố Vatican
🇻🇨,cờ: St. Vincent & Grenadines
🇻🇪,cờ: Venezuela
🇻🇬,cờ: Quần đảo Virgin thuộc Anh
🇻🇮,cờ: Quần đảo Virgin thuộc Hoa Kỳ
🇻🇳,cờ: việt nam
🇻🇺,cờ: Vanuatu
🇼🇫,cờ: Wallis & Futuna
🇼🇸,cờ: Samoa
🇽🇰,cờ: Kosovo
🇾🇪,cờ: Yemen
🇾🇹,cờ: Mayotte
🇿🇦,cờ: Nam Phi
🇿🇲,cờ: Zambia
🇿🇼,cờ: Zimbabwe
🏴󠁧󠁢󠁥󠁮󠁧󠁿,cờ: ⊖gbeng
🏴󠁧󠁢󠁳󠁣󠁴󠁿,cờ: ⊖gbsct
🏴󠁧󠁢󠁷󠁬󠁳󠁿,cờ: ⊖gbwls
